name,due_date
Pset 06,Apr 3 at 11:59pm
Warm-Ups 13: Connectivity and Trees,Apr 5 at 11:59pm
Warm-Ups 14: Digraphs and DAGs,Apr 7 at 11:59pm
Pset 07,Apr 10 at 11:59pm
Warm-Ups 15: Relations and Counting,Apr 14 at 11:59pm
Warm-Ups 16: Counting,Apr 19 at 11:59pm
Pset 08,Apr 24 at 11:59pm
Warm-Ups 18: Probability,Apr 26 at 11:59pm
Warm-Ups 19: Conditional Probability,Apr 28 at 11:59pm
Pset 09,May 1 at 11:59pm
Warm-Ups 20: Independence,May 3 at 11:59pm
Warm-Ups 21: Random Variables,May 5 at 11:59pm
Warm-Ups 22: Expectation,May 10 at 11:59pm
Warm-Ups 23: Expectation and Variance,May 12 at 11:59pm
Pset 10,May 12 at 11:59pm
Warm-Ups 12: Matching,Mar 24 at 11:59pm
Warm-Ups 11: Graphs and Coloring,Mar 22 at 11:59pm
Pset 05,Mar 20 at 11:59pm
Warm-Ups 10: Cryptography,Mar 17 at 11:59pm
Warm-Ups 09: Modular Arithmetic,Mar 15 at 11:59pm
Warm-Ups 08: Divisibility and GCD,Mar 10 at 11:59pm
Pset 04,Mar 6 at 11:59pm
Warm-Ups 07: Recurrences,Mar 3 at 11:59pm
Warm-Ups 06: Asymptotics,Mar 1 at 11:59pm
Pset 03,Feb 27 at 11:59pm
Warm-Ups 05: Sums,Feb 24 at 11:59pm
Pset 02,Feb 21 at 11:59pm
Warm-Ups 04: State Machines and Invariants,Feb 17 at 11:59pm
Warm-Ups 03: Strong Induction,Feb 15 at 11:59pm
Pset 01,Feb 13 at 11:59pm
Warm-Ups 02: Induction,Feb 10 at 11:59pm
"Warm-Ups 01: Predicates, Proof Techniques",Feb 8 at 11:59pm
